﻿<?xml version="1.0" encoding="utf-8" ?>
<XnaContent>
  <Asset Type="System.Collections.Generic.List[string]">
    <Item>...------------........................................................................</Item>
    <Item>...-----X-----.........................................................................</Item>
    <Item>....-----0---H----.....1..................................------0-------...............</Item>
    <Item>....---C---------..........................1.......-C-------H---------------...........</Item>
    <Item>.....................----0--------------.........------C----......------C----------....</Item>
    <Item>....1.......---------------C-------------...1........................------0----C---...</Item>
    <Item>.........-----------0----------------..........................1............----------.</Item>
    <Item>.....----H-------------......1....................1.......1............................</Item>
    <Item>...---0------..............................1..........................1................</Item>
    <Item>...----------...............1..........................-C-C-...........................</Item>
    <Item>....---C---------.................1......1.............--C--....................1......</Item>
    <Item>.....----------------..................................-C-C-.........1.................</Item>
    <Item>....---------P--------C-----................1...........1..............................</Item>
    <Item>.......----------------------------....................................................</Item>
    <Item>...........S..----------...--------0---------------.............1............--------C-</Item>
    <Item>....1..........1...............-------C------------0------------....--------C----......</Item>
    <Item>--.........................................------C-------------0--------------.........</Item>
    <Item>C--............1........................................-------C---------..............</Item>
    <Item>CC-...............................1....................................................</Item>
  </Asset>
</XnaContent>