﻿<?xml version="1.0" encoding="utf-8" ?>
<XnaContent>
  <Asset Type="System.Collections.Generic.List[string]">
    <Item>.......................................................................................</Item>
    <Item>....--0---...---------......1....................---C---.------...--C--.1..............</Item>
    <Item>....----C-----X-..........................1........-0----.-0-C---...---C---............</Item>
    <Item>......-0---0---C---0---.........................----C--.----0---...---0-...............</Item>
    <Item>..........---0----0---C-0-......................1......................................</Item>
    <Item>......................................-0-........................1.....................</Item>
    <Item>..1...........1..................1....--C-...........................-H------.....1....</Item>
    <Item>......................................--................................---0-----......</Item>
    <Item>......................1.....................1...................1....--------C--.......</Item>
    <Item>.............1.................................................-----C--0---.------C--0-</Item>
    <Item>..............................1........................................................</Item>
    <Item>.......1..........................-----------------C----0-------------------0--........</Item>
    <Item>.................S...................-..1.--------------------C------------------......</Item>
    <Item>........------H-----................---------C------------------------P------------....</Item>
    <Item>.........--------0----C--------------------------0----C----------------------H-----....</Item>
    <Item>..................----------------------C-------------------------.....................</Item>
  </Asset>
</XnaContent>