﻿<?xml version="1.0" encoding="utf-8" ?>
<XnaContent>
  <Asset Type="System.Collections.Generic.List[string]">
    <Item>.........................-------------C--..............................................</Item>
    <Item>...............------0----------...------------0--.....................................</Item>
    <Item>...1....--------.--C---...----------------------....................1..................</Item>
    <Item>.....-H--...-------...........-----0------..........................--C--..............</Item>
    <Item>....---.................-----C------------C-................1.......-C0C-......1.......</Item>
    <Item>.....S........-------------------...................................--C--..............</Item>
    <Item>.........-----C------------H-----..................................1...........1.......</Item>
    <Item>................------------------------...............................................</Item>
    <Item>....................----C------P------....................1............................</Item>
    <Item>..........................-----------------C--0----C..................1................</Item>
    <Item>.........1.............................................................................</Item>
    <Item>.......................1...............................................................</Item>
    <Item>........................................1..............................................</Item>
    <Item>...1.....................................................................-C---.........</Item>
    <Item>....-C---........1................................................-----......---C---...</Item>
    <Item>....--C--.........................................................-----0---X-------....</Item>
    <Item>....---C-..................1.................................----H---------------......</Item>
    <Item>.....................................................................--------..........</Item>
  </Asset>
</XnaContent>