﻿<?xml version="1.0" encoding="utf-8" ?>
<XnaContent>
  <Asset Type="System.Collections.Generic.List[string]">
    <Item>...............................................1....................---CC---...........</Item>
    <Item>..........................1...........1...............................----.............</Item>
    <Item>..----.--............1.........------------------0-----........1.......................</Item>
    <Item>...----.--..........................-----C-----------..................................</Item>
    <Item>..--P-----S...................--------0-------H--------....1.....1..---------------....</Item>
    <Item>..-------..............1............-------------C----..............---0---------C--...</Item>
    <Item>..----C-...................................................1......--------------.......</Item>
    <Item>.....1.........1............1..............1..........................-----X----.......</Item>
    <Item>.....................................................1...........1.....................</Item>
  </Asset>
</XnaContent>