﻿<?xml version="1.0" encoding="utf-8" ?>
<XnaContent>
  <Asset Type="System.Collections.Generic.List[string]">
    <Item>CC-.........1.......................................................-----C---..........</Item>
    <Item>C--...............................1.......................................--0--C----...</Item>
    <Item>--...........---------C--------.........----0------..................-------------0-...</Item>
    <Item>....................-------------------C-----............1........-------0---X------...</Item>
    <Item>....1..........-----0----------H----------.............................---------0--....</Item>
    <Item>.....................----------0--------.................................---C----......</Item>
    <Item>..........................................................--------.......1.............</Item>
    <Item>----C-------...............1..................1.........--C---0-----................1..</Item>
    <Item>..-----------------.........................................-------C----...............</Item>
    <Item>...-------C------0--.............------C--------...................-----C------0-......</Item>
    <Item>...--0--------------...............----0-----C-------C--...............................</Item>
    <Item>.-----------.....................---C--------------0-..............1...................</Item>
    <Item>...................1......1..........---C--------......................................</Item>
    <Item>...1...................................--0-----...............--0-----0-------0----....</Item>
    <Item>....---0----------------C-----.....................1....-------C-------------C---......</Item>
    <Item>.------------C---0------..............1.................------0-------0--C-------....1.</Item>
    <Item>.....----C------------........................................----C-----0------0---....</Item>
    <Item>..-------0---------........1..........................1................................</Item>
    <Item>..................................----0C-----0----.....................................</Item>
    <Item>..........1....................----------H--------..........1..........................</Item>
    <Item>....................1...........---C-----------C---...........................1........</Item>
    <Item>................................-------0-------......1.................................</Item>
    <Item>..1...--0--------...........................................----------C------..........</Item>
    <Item>.........-----P--------S.............................---0-------....------0-----------.</Item>
    <Item>.....------C----------.....................1.......---C---..----------------C----0-....</Item>
    <Item>.......................................1...............-------0-C----C..1....---------C</Item>
  </Asset>
</XnaContent>